,by,descendants,id,score,time,title,type,url,kids,text
0,selvan,0.0,38050106,15,1698503579,MagicaVoxel – A free voxel art editor and interactive path tracing renderer,story,https://ephtracy.github.io/,,
1,fofoz,184.0,38048155,208,1698481473,Google to invest up to $2B in Anthropic,story,https://www.reuters.com/technology/google-agrees-invest-up-2-bln-openai-rival-anthropic-wsj-2023-10-27/,"[38050293, 38048482, 38049704, 38050217, 38048598, 38049889, 38048644, 38049324, 38049500, 38050255, 38049751, 38048529, 38050020, 38049331, 38048901, 38049478, 38048502, 38048814, 38048717, 38048615, 38048533, 38048517, 38048609, 38049147, 38048604]",
2,syx,53.0,38047861,223,1698477392,The fun factor of the video game Uplink,story,https://vertette.github.io/post/funfactoruplink,"[38049111, 38048879, 38048888, 38048248, 38050002, 38048144, 38048172, 38050130, 38049734, 38049283, 38049713, 38049919, 38048977, 38049020, 38048321, 38048262, 38049308, 38047989, 38048160, 38047993, 38048443, 38048738, 38048153, 38048013]",
3,1970-01-01,2.0,38018429,18,1698268215,DM1 by Colin Skelton (2015) [pdf],story,http://www.bitsandbytes.shedlandz.co.uk/CS_DM1-1.pdf,"[38048037, 38048600]",
4,chmaynard,60.0,38047743,123,1698475914,Cortex X2: ARM aims high,story,https://chipsandcheese.com/2023/10/27/cortex-x2-arm-aims-high/,"[38049604, 38048993, 38050111, 38049006, 38048786, 38047961, 38048500, 38047834]",
5,kavinaidoo,15.0,38048401,53,1698485111,Magnetically Modelling MagSafe,story,https://kavi.sblmnl.co.za/magnetically-modelling-magsafe/,"[38048822, 38048804, 38049415, 38049110, 38049574]",
6,luu,10.0,38045262,76,1698449175,Writing for Professional and Technical Audiences,story,https://pnewman.org/writing.html,"[38050077, 38049913, 38048925, 38049868, 38049245, 38049756, 38049254]",
7,luu,30.0,38044997,122,1698446905,Algebra,story,https://www.feynmanlectures.caltech.edu/I_22.html,"[38049250, 38049092, 38048990, 38049265, 38045140, 38049619, 38049504, 38045000]",
8,zzzeek,12.0,38049790,18,1698501131,A.I. Muddies Israel-Hamas War in Unexpected Way,story,https://www.nytimes.com/2023/10/28/business/media/ai-muddies-israel-hamas-war-in-unexpected-way.html,"[38050160, 38050229, 38049805, 38050242, 38050093, 38050224]",
9,signa11,87.0,38046448,138,1698459211,A small warning about UDP based protocols,story,https://boston.conman.org/2023/10/25.1,"[38048267, 38047665, 38048877, 38049319, 38047074, 38050095, 38049539, 38047019, 38049776, 38048376, 38048018, 38046988, 38049394, 38049419, 38046964, 38047129, 38047555]",
10,ingve,2.0,38049287,11,1698495986,Where is my file's metadata?,story,https://eclecticlight.co/2023/10/28/where-is-my-files-metadata/,"[38050266, 38049650]",
11,zdw,2.0,38042918,18,1698435408,Kubernetes and Kernel Panics,story,https://netflixtechblog.com/kubernetes-and-kernel-panics-ed620b9c6225?gi=2e8a65263c94,"[38050257, 38050212]",
12,dloss,8.0,38048148,15,1698481366,Kurtosis: A composable build system for reproducible environments,story,https://www.kurtosis.com/,"[38049950, 38049533]",
13,PaulHoule,0.0,38050010,4,1698502813,Webb discovers new feature in Jupiter's atmosphere,story,https://phys.org/news/2023-10-webb-feature-jupiter-atmosphere.html,,
14,prismatic,0.0,38044757,35,1698445228,The Mystic Art of Gardening,story,https://aeon.co/essays/a-rebel-spirit-and-an-artists-eye-russell-pages-landscape-design,,
15,kevinak,64.0,38047872,103,1698477556,WinterJS,story,https://wasmer.io/posts/announcing-winterjs-service-workers,"[38048196, 38048145, 38048088, 38049477, 38049542, 38048843, 38049827, 38048356, 38048096, 38048319, 38048062, 38048880, 38048041]",
16,Gabriel_h,,38047790,1,1698476417,Meticulous (YC S21) Is Hiring to Build AI for UI Testing,job,,,"Hey HN!<p>I&#x27;m Gabriel, CEO and co-founder of Meticulous.<p>Our mission is to radically accelerate the pace of software development for every company in the world. We&#x27;re starting with a tool to catch UI bugs in web applications with zero-effort from developers.<p>How it works: Insert a single line of JavaScript onto your site, and we record thousands of real user sessions. We then replay these sessions on head and base commits of PRs, take screenshots at key points, and diff those screenshots to catch visual regressions before they hit production. We employ novel techniques to eliminate flakes. You can watch a 60-second demo at [meticulous.ai](<a href=""https:&#x2F;&#x2F;meticulous.ai&#x2F;?utm_source=hn"">https:&#x2F;&#x2F;meticulous.ai&#x2F;?utm_source=hn</a>).<p>We are a London-based YC company. Our engineering team previously worked at Dropbox, Opendoor, Palantir and Google, and have previously led 100+ engineer organizations at these companies. We raised $4m and are backed by some of the best founders and technical leaders in Silicon Valley, including Guillermo Rauch (founder Vercel, author next.js), Jason Warner (CTO GitHub), Scott Belsky (CPO Adobe), Calvin French-Owen (founder Segment), Jared Friedman (YC partner and former CTO of Scribd) and a bunch of other incredible folks.<p>Catching visual regressions is just the start. There is an entire category of products to build on top of replay. This ranges from catching exceptions to revealing the performance impact of frontend code.<p>We want to change the way the world develops software, and influence software approaches for decades to come.<p>We are seeding a London office and hiring an onsite founding engineer to join our team of four. We sponsor visas.<p>You will have autonomy in building out this technology, but here are a few problems you might work on:<p>- Build a distributed system to concurrently replay thousands of sessions, such that a developer gets a result in seconds.<p>- Speed up the replay of sessions in a way that retains determinism.<p>- Derive algorithms to detect sessions that cover differing code paths and edge cases, and ignore sessions that are too similar.<p>- Help build out a team of world-class, highly collaborative, software engineers.<p>As founding engineer, you get to shape the company, and build the culture and technology from the ground up.<p>What we look for:<p>In a sentence: Technically brilliant, delightful to work with, combined with a self-awareness and strong desire to improve. We also want to make sure everyone is highly supportive of each other; we win as a team.<p>We&#x27;re currently only looking to bring on folks with senior level skill sets and 5+ years of industry experience. You should have strong web fundamentals and a deep love for software engineering. Maybe you enjoy programming books like Clean Code, Designing Data Intensive Applications, Pragmatic Programmer etc. or enjoy hacking on interesting side projects. You value transparency and candid feedback, and are motivated by a strong desire to become the best engineer you can be.<p>You can read about our values here <a href=""https:&#x2F;&#x2F;ruby-wish-a8f.notion.site&#x2F;Mission-Values-979c32ec58e74856af02da2e59c9f64d"" rel=""nofollow noreferrer"">https:&#x2F;&#x2F;ruby-wish-a8f.notion.site&#x2F;Mission-Values-979c32ec58e...</a><p>You will be given the space and time to up-level yourself as an engineer in terms of conferences, reading, or whatever you think will be most valuable. We will also set you up with mentorship, if you desire it, from top engineering leaders (folks running 100-engineer organizations at the world&#x27;s leading tech companies).<p>You’ll get to work alongside some of the best engineers there are, break new ground solving truly novel CS problems and deliver something that transforms how software is built.<p>If this sounds interesting, please reach out to me at gabe [at] meticulous [dot] ai with “HN” in the subject line and 2-3 sentences about what you find interesting about Meticulous and your resume&#x2F;LinkedIn&#x2F;GitHub."
17,Hooke,4.0,38045429,46,1698450478,Bacteria enhances host insect's fertility with implications for disease control,story,https://news.ucsc.edu/2023/10/russell-plos-23.html,"[38049397, 38047507, 38048545]",
18,foota,64.0,38043955,211,1698440880,Large Balloon Reflector: a potentially game-changing antenna design,story,https://www.nasa.gov/directorates/stmd/nasa-tech-breathes-life-into-potentially-game-changing-antenna-design/,"[38046326, 38047138, 38046715, 38045349, 38048082, 38048945, 38049359, 38044511, 38044638, 38045486, 38044239, 38047502, 38046059, 38046030, 38047670, 38045825, 38044566, 38045631, 38048015, 38045960, 38047068, 38044814, 38046218, 38045627, 38045340, 38047605]",
19,cgadski,36.0,38045665,175,1698452604,When gradient descent is a kernel method,story,https://cgad.ski/blog/when-gradient-descent-is-a-kernel-method.html,"[38050055, 38049376, 38049205, 38047886, 38047165, 38048666, 38046663, 38048229, 38048344, 38046418, 38047103, 38046436, 38046626, 38047200, 38047022]",
20,itsnotchester,15.0,38046598,33,1698461047,Show HN: Is It Toxic To? – Check if a plant is toxic to your pets,story,https://iitt.chester.how/,"[38049951, 38050047, 38049765, 38049455, 38049978, 38047135, 38049135, 38048729, 38049466, 38046919, 38048836]","All information is from the ASPCA&#x27;s list of toxic plants (<a href=""https:&#x2F;&#x2F;www.aspca.org&#x2F;pet-care&#x2F;animal-poison-control&#x2F;toxic-and-non-toxic-plants"" rel=""nofollow noreferrer"">https:&#x2F;&#x2F;www.aspca.org&#x2F;pet-care&#x2F;animal-poison-control&#x2F;toxic-a...</a>)"
21,swyx,2.0,38045456,31,1698450783,Audioflare: An all-in-one AI audio playground using Cloudflare AI Workers,story,https://github.com/seanoliver/audioflare,[38049437],
22,akling,249.0,38043033,430,1698435983,Shadow: New browser engine made almost entirely in JavaScript,story,https://goose.icu/introducing-shadow/,"[38043902, 38044378, 38043240, 38043283, 38043829, 38050138, 38045624, 38045525, 38045848, 38043700, 38047527, 38044122, 38044554, 38043281, 38046911, 38043696, 38043397, 38044977, 38043303, 38046643, 38044523, 38043381, 38044199, 38043307, 38046349, 38043844, 38043305, 38046122, 38044038, 38047668, 38045087, 38043259, 38045422, 38045240, 38044636, 38044069, 38043618, 38045512, 38043314, 38045139]",
23,maheshrjl,107.0,38037141,487,1698405928,Lessons Learned from Twenty Years of Site Reliability Engineering,story,https://sre.google/resources/practices-and-processes/twenty-years-of-sre-lessons-learned/,"[38040311, 38042359, 38042288, 38041501, 38046375, 38042563, 38043407, 38039769, 38040569, 38039407, 38045829, 38041436, 38042604]",
24,ch3ngl0rd,79.0,38046396,115,1698458759,Staring at a Wall: Embracing Deliberate Boredom,story,https://www.ch3ngl0rd.com/staring-at-a-wall/,"[38047535, 38049746, 38047702, 38049393, 38049148, 38050137, 38047901, 38048134, 38049109, 38047859, 38048409, 38048115, 38048418, 38047477, 38049454, 38047521, 38050125, 38047553, 38047818, 38047779, 38047904, 38048112, 38049565, 38048941, 38049535, 38048441, 38048425, 38048119, 38046397]",
25,hazelnut-tree,52.0,38043781,45,1698440008,Why programming languages matter [video],story,https://www.youtube.com/watch?v=JqYCt9rTG8g,"[38049927, 38044439, 38044362, 38044348, 38046244]",
26,surprisetalk,147.0,38025073,364,1698326051,"Ensō: write now, edit later",story,https://enso.sonnet.io/,"[38042654, 38042970, 38040093, 38040139, 38042462, 38040429, 38042891, 38040492, 38041095, 38043077, 38046111, 38040236, 38048504, 38042770, 38043187, 38049505, 38041252, 38046885, 38047564, 38047366, 38047328, 38046760, 38041066, 38041568, 38040959, 38040087, 38040748, 38041217, 38040834, 38047956, 38042294, 38040635, 38042344, 38040100, 38040628, 38042797, 38040511, 38041346, 38042206, 38049059, 38041076, 38041725, 38040896]",
27,mdwalters,65.0,38045342,167,1698449805,Google can turn ANC earbuds into a heart rate monitor with no extra hardware,story,https://9to5google.com/2023/10/27/google-anc-earbuds-heart-rate/,"[38045760, 38050207, 38049338, 38046739, 38049797, 38047030, 38049407, 38047055, 38046310, 38047661, 38049522]",
28,gridentio,207.0,38035672,463,1698391532,Lean4 helped Terence Tao discover a small bug in his recent paper,story,https://mathstodon.xyz/@tao/111287749336059662,"[38040873, 38036421, 38036035, 38037356, 38037030, 38037639, 38037153, 38036986, 38037420, 38036315, 38036696, 38037617, 38037374, 38036338, 38044561, 38037811, 38036367, 38043736, 38041033, 38037410, 38036196, 38036928, 38036666]",
29,squashToffee,40.0,38043644,169,1698439292,Visualizing quaternions (2018),story,https://eater.net/quaternions,"[38045426, 38049989, 38048285, 38045474, 38047506, 38044495, 38046899, 38047842, 38044451, 38046585]",
30,CathalMullan,924.0,38023891,1795,1698317039,The Cloud Computer,story,https://oxide.computer/blog/the-cloud-computer,"[38024108, 38025440, 38028156, 38027898, 38032443, 38024162, 38049825, 38024296, 38029291, 38024430, 38024331, 38034651, 38026016, 38024446, 38026742, 38024061, 38032786, 38038949, 38031516, 38027355, 38025255, 38025315, 38024120, 38030224, 38024695, 38024686, 38034972, 38024851, 38033629, 38032633, 38024082, 38024028, 38024203, 38026045, 38032962, 38024167, 38024990, 38031870, 38024258, 38030045, 38028063, 38024122, 38025866, 38025213, 38025721, 38028430, 38047449, 38036159, 38025735, 38027591, 38033494, 38028895, 38025000, 38024186, 38043111, 38033971, 38028668, 38024759, 38025603, 38028339, 38027038, 38031022, 38032616, 38030360, 38030560, 38024537, 38025495, 38025858, 38040538, 38039290, 38028864, 38025302, 38028360, 38024669, 38034097, 38025494, 38025911, 38035941, 38033466, 38026402, 38047468, 38025179, 38025839, 38028205, 38026396, 38024194, 38026741, 38024252, 38043070, 38024993, 38024725, 38024822, 38028194, 38025242, 38034920, 38024780, 38037199, 38026530, 38025165, 38024913, 38024429, 38031908, 38032453, 38025892, 38033951, 38026579, 38029395, 38031836, 38026852, 38028989, 38030190, 38026914, 38032647, 38033487, 38033344, 38032525, 38029358, 38029156, 38028316, 38028028, 38025016, 38029704, 38032439, 38025917, 38024132, 38025664, 38024297, 38024275, 38024832, 38026273, 38024487, 38024237]",
31,wslh,44.0,38044420,74,1698443122,Can the language of proof assistants be used for general purpose programming?,story,https://proofassistants.stackexchange.com/questions/1093/can-the-language-of-proof-assistants-be-used-for-general-purpose-programming,"[38045826, 38049333, 38046763, 38045501, 38045418, 38048169, 38047664, 38046650, 38045216, 38047159, 38045771, 38049102]",
32,apsec112,0.0,38046970,6,1698465098,Pretraining on the Test Set Is All You Need,story,https://arxiv.org/abs/2309.08632,,
33,samclemens,48.0,38045358,45,1698449927,The emptiness of literature written for the market,story,https://www.noemamag.com/the-emptiness-of-literature-written-for-the-market/,"[38048358, 38049085, 38048394, 38048332, 38048651, 38048643, 38049202, 38048986]",
34,memset,54.0,38038239,244,1698413646,Show HN: ScratchDB – Open-Source Snowflake on ClickHouse,story,https://github.com/scratchdata/ScratchDB,"[38042892, 38042978, 38042000, 38042817, 38038468, 38045290, 38047489, 38041920, 38045020, 38046421, 38043348, 38041892, 38042460, 38042522]","Hello! For the past year I’ve been working on a fully-managed data warehouse built on Clickhouse. I built this because I was frustrated with how much work was required to run an OLAP database in prod: re-writing my app to do batch inserts, managing clusters and needing to look up special CREATE TABLE syntax every time I made a change. I found pricing for other warehouses confusing (what is a “credit” exactly?) and worried about getting capacity-planning wrong.<p>I was previously building accounting software for firms with millions of transactions. I desperately needed to move from Postgres to an OLAP database but didn’t know where to start. I eventually built abstractions around Clickhouse: My application code called an insert() function but in the background I had to stand up Kafka for streaming, bulk loading, DB drivers, Clickhouse configs, and manage schema changes.<p>This was all a big distraction when all I wanted was to save data and get it back. So I decided to build a better developer experience around it. The software is open-source: <a href=""https:&#x2F;&#x2F;github.com&#x2F;scratchdata&#x2F;ScratchDB"">https:&#x2F;&#x2F;github.com&#x2F;scratchdata&#x2F;ScratchDB</a> and and the paid offering is a hosted version: <a href=""https:&#x2F;&#x2F;www.scratchdb.com&#x2F;"">https:&#x2F;&#x2F;www.scratchdb.com&#x2F;</a>.<p>It&#x27;s called “ScratchDB” because the idea is to make it easy to get started from scratch. It’s a massively simpler abstraction on top of Clickhouse.<p>ScratchDB provides two endpoints [1]: one to insert data and another to query. When you send any JSON, it automatically creates tables and columns based on the structure [2]. Because table creation is automated, you can just start sending data and the system will just work [3]. It also means you can use Scratch as any webhook destination without prior setup [4,5]. When you query, just pass SQL as a query param and it returns JSON.<p>It handles streaming and bulk loading data. When data is inserted, I append it to a file on disk, which is then bulk loaded into Clickhouse. The overall goal is for the platform to automatically handle managing shards and replicas.<p>The whole thing runs on regular servers. Hetzner has become our cloud of choice, along with Backblaze B2 and SQS. It is written in Go. From an architecture perspective I try to keep things simple - want folks to make economical use of their servers.<p>So far ScratchDB has ingested about 2 TB of data and 4,000 requests&#x2F;second on about $100 worth of monthly server costs.<p>Feel free to download it and play around - if you’re interested in this stuff then I’d love to chat! Really looking for feedback on what is hard about analytical databases and what would make the developer experience easier!<p>[1] <a href=""https:&#x2F;&#x2F;scratchdb.com&#x2F;docs"">https:&#x2F;&#x2F;scratchdb.com&#x2F;docs</a><p>[2] <a href=""https:&#x2F;&#x2F;scratchdb.com&#x2F;blog&#x2F;flatten-json&#x2F;"">https:&#x2F;&#x2F;scratchdb.com&#x2F;blog&#x2F;flatten-json&#x2F;</a><p>[3] <a href=""https:&#x2F;&#x2F;scratchdb.com&#x2F;blog&#x2F;scratchdb-email-signups&#x2F;"">https:&#x2F;&#x2F;scratchdb.com&#x2F;blog&#x2F;scratchdb-email-signups&#x2F;</a><p>[4] <a href=""https:&#x2F;&#x2F;scratchdb.com&#x2F;blog&#x2F;stripe-data-ingest&#x2F;"">https:&#x2F;&#x2F;scratchdb.com&#x2F;blog&#x2F;stripe-data-ingest&#x2F;</a><p>[5] <a href=""https:&#x2F;&#x2F;scratchdb.com&#x2F;blog&#x2F;shopify-data-ingest&#x2F;"">https:&#x2F;&#x2F;scratchdb.com&#x2F;blog&#x2F;shopify-data-ingest&#x2F;</a>"
35,che_shr_cat,42.0,38042954,127,1698435571,The convolution empire strikes back,story,https://gonzoml.substack.com/p/the-convolution-empire-strikes-back,"[38044289, 38044391, 38045608, 38046544, 38044573, 38043493]",
36,coloneltcb,62.0,38032253,227,1698357593,iPhones have been exposing MAC addresses despite Apple’s promises otherwise,story,https://arstechnica.com/security/2023/10/iphone-privacy-feature-hiding-wi-fi-macs-has-failed-to-work-for-3-years/,"[38044929, 38042613, 38033463, 38033949, 38032422, 38032860, 38032796, 38045289, 38032865, 38035742, 38033515, 38032380, 38045215, 38044480, 38046503, 38046072]",
37,1970-01-01,31.0,38026797,117,1698333764,"After 28 years, SSLv2 is still not gone from the internet",story,https://isc.sans.edu/diary/After+28+years+SSLv2+is+still+not+gone+from+the+internet+but+were+getting+there/29908,"[38047654, 38044935, 38050108, 38047062, 38044810, 38046916, 38045054, 38049180, 38048476, 38045329, 38046941, 38047515, 38026798]",
38,PaulHoule,59.0,38043555,107,1698438858,New devices could change the way we measure blood pressure,story,https://knowablemagazine.org/article/technology/2023/devices-could-change-how-we-measure-blood-pressure,"[38047207, 38046328, 38044987, 38046216, 38045022, 38049364, 38046299, 38046093, 38044943, 38046142, 38048058, 38047492, 38047968, 38047318, 38044999, 38044815, 38047556, 38046307]",
39,aoms,1.0,38047969,5,1698478985,A Deep Dive into Machine Learning Algorithms,story,https://ataiva.com/a-deep-dive-into-machine-learning-algorithms/,[38049906],
40,flykespice,36.0,38045478,52,1698451061,Kotlin Coroutines vs. Threads Performance Benchmark,story,https://www.techyourchance.com/kotlin-coroutines-vs-threads-performance-benchmark/,"[38046566, 38047551, 38046701, 38047637, 38046901, 38048211, 38046904, 38046441, 38046410]",
41,lproven,1.0,38048385,13,1698484912,Firefox 119 unleashes PDF prowess and Sync sorcery,story,https://www.theregister.com/2023/10/26/firefox_119_and_120/,[38049374],
42,superMayo,68.0,38032288,513,1698357787,Interactive intro to shaders,story,https://www.mayerowitz.io/blog/a-journey-into-shaders,"[38050170, 38032289, 38034276, 38033649, 38036930, 38033458, 38035496, 38037167, 38036887, 38035875, 38034711, 38034917, 38041161, 38040801, 38034053, 38038043, 38034311, 38033828]",
43,concernedpix,85.0,38043574,169,1698438935,Android 14's user-profile data bug,story,https://arstechnica.com/gadgets/2023/10/android-14s-ransomware-data-storage-bug-locks-out-users-remains-unfixed/,"[38043932, 38047107, 38047948, 38044687, 38044764, 38047359, 38043821, 38048464, 38044659, 38048109, 38044063, 38047078, 38043967, 38044571, 38044539, 38047398, 38047143, 38044371]",
44,particlo,0.0,38046278,8,1698457481,Show HN: 2D Visualization of Math Equations,story,https://particlo.org/TriMath.html,,
45,thunderbong,21.0,38046786,45,1698463024,"People are speaking with ChatGPT for hours,bringing 2013's Her closer to reality",story,https://arstechnica.com/information-technology/2023/10/people-are-speaking-with-chatgpt-for-hours-bringing-2013s-her-closer-to-reality/,"[38050264, 38050245, 38047700, 38050030, 38048503, 38047963, 38048364, 38047588, 38048535, 38049544, 38048565, 38047729, 38049468, 38049559]",
46,sbmthakur,10.0,38047424,24,1698471184,Americans falling behind on auto loan payments at record pace,story,https://www.foxbusiness.com/economy/americans-falling-behind-auto-loan-payments-record-pace,"[38047455, 38048203]",
47,grammers,106.0,38048811,115,1698490599,The UK's Controversial Online Safety Act Is Now Law,story,https://www.wired.com/story/the-uks-controversial-online-safety-act-is-now-law/,"[38049249, 38050204, 38049974, 38050145, 38049421, 38049890, 38049612, 38049509, 38049754, 38049689, 38049241, 38049296, 38049373, 38049784, 38049493, 38049354]",
48,nickt,63.0,38032257,257,1698357616,WebSDR – Internet-connected Software-Defined Radios,story,http://www.websdr.org/,"[38034363, 38034076, 38034533, 38035114, 38033974, 38033443, 38041646, 38038849, 38033638, 38035330, 38039812, 38034457, 38033824, 38032921, 38032655]",
49,walterbell,147.0,38035505,332,1698389857,How to draw software architecture diagrams (2022),story,https://terrastruct.com/blog/post/draw-software-architecture-diagrams/,"[38036924, 38037258, 38036287, 38037475, 38042774, 38036920, 38037296, 38044283, 38036808, 38036931, 38037400, 38038032, 38037362, 38037222, 38037037, 38036853, 38042242, 38038616, 38039040, 38038692, 38042538, 38036765, 38037488, 38037372, 38045070, 38037858, 38036790, 38039075, 38039134, 38036957, 38036951, 38037618, 38036829, 38038914, 38043308, 38042808, 38040120, 38038789, 38037435, 38038375]",
50,phil9l,28.0,38037449,126,1698408700,DreamCraft3D: Hierarchical 3D Generation with Bootstrapped Diffusion Prior,story,https://mrtornado24.github.io/DreamCraft3D/,"[38041902, 38041150, 38040439, 38042139, 38046275, 38044785, 38040520, 38040544, 38042193, 38044540]",
51,signa11,88.0,38034797,144,1698382091,My 2023 all-flash ZFS NAS (Network Storage) build,story,https://michael.stapelberg.ch/posts/2023-10-25-my-all-flash-zfs-network-storage-build/,"[38037429, 38040370, 38037910, 38039176, 38038797, 38038702, 38037733, 38042618, 38038880, 38037412, 38037484, 38038805, 38037369, 38038134, 38039942, 38038045, 38037660]",
52,carapace,3.0,38041736,49,1698429499,"Ashby's book ""Introduction to Cybernetics"" (2003)",story,http://pespmc1.vub.ac.be/ASHBBOOK.html,"[38049648, 38047516]",
53,galenmarchetti,5.0,38038986,63,1698417275,Show HN: A local Python prototyping tool for Jupyter and Streamlit,story,https://github.com/galenmarchetti/jupyter-notebook-package,"[38047537, 38042847, 38047317]","Hey HN! I built a local Python prototyping tool that is finally the Python development environment I&#x27;ve always wanted.<p>It has a Jupyter notebook for data crunching, a database of your choice (Python or MongoDB), and a Streamlit app for building a frontend visualization. You can edit the Streamlit backend via an embedded VSCode editor, or locally on your own IDE.<p>The best part for me is that the database connectors within Jupyter and Streamlit are configured out-of-the-box, so you don&#x27;t need to spend time thinking about how to tie all that together - you can just pick the database you want to use and get going.<p>Disclaimer: I do also work on the tool that deploys all this under the hood, but this project is a personal hackweek project that I threw together so I could develop Python apps on my own"
54,happy-go-lucky,325.0,38040468,483,1698423383,'Not of faculty quality': How Penn mistreated Katalin Karikó,story,https://www.thedp.com/article/2023/10/penn-katalin-kariko-university-relationship-mistreatment,"[38041372, 38041253, 38041419, 38042687, 38044023, 38043553, 38041091, 38041869, 38041184, 38041407, 38041130, 38042790, 38041082, 38042713, 38046671, 38041586, 38042402, 38045805, 38047482, 38046699, 38045473, 38041280, 38042759, 38043386, 38041701, 38043532, 38041094, 38045487, 38041998, 38045236, 38041126, 38042005, 38041107, 38041807, 38045562, 38043009, 38044339, 38044159, 38041294, 38041117, 38044829, 38047313, 38044248, 38042605, 38041443, 38041711, 38041932, 38041243]",
55,TakakiTohno,59.0,38045112,105,1698447829,Scientists simulate backward time travel using quantum entanglement,story,https://thedebrief.org/scientists-successfully-simulate-backward-time-travel-with-a-25-chance-of-actually-changing-the-past/,"[38045344, 38049516, 38045963, 38046791, 38047116, 38047626, 38047560, 38047212, 38046717, 38046766, 38047437, 38046226]",
56,tintinnabula,55.0,38021463,60,1698292841,Solitary Confinement's Unlikely Origins,story,https://publicdomainreview.org/essay/silent-treatment/,"[38040933, 38045992, 38040580, 38042951]",
57,Metacelsus,317.0,38039133,437,1698417897,Finding that lead emissions from aircraft engines contribute to air pollution,story,https://www.federalregister.gov/documents/2023/10/20/2023-23247/finding-that-lead-emissions-from-aircraft-engines-that-operate-on-leaded-fuel-cause-or-contribute-to,"[38042348, 38039362, 38039458, 38043425, 38041138, 38039531, 38039472, 38042405, 38039479, 38041162, 38043494, 38040791, 38041374, 38044404, 38042169, 38042116, 38039361, 38039398, 38039412, 38040722, 38039627, 38042166, 38040708, 38041325, 38040602, 38041705, 38039704]",
58,unstuck3958,16.0,38041551,93,1698428647,Krita is now available on the macOS store,story,https://krita.org/en/item/krita-in-stores-update/,"[38044934, 38046404, 38044004, 38044475, 38047348, 38046428, 38045919]",
59,keepamovin,115.0,38026736,382,1698333504,I2P: End-to-end encrypted and anonymous internet,story,https://github.com/PurpleI2P/i2pd,"[38028073, 38028985, 38029681, 38027732, 38047173, 38028305, 38030054, 38032398, 38028866, 38032098, 38029069, 38028448, 38029152, 38030473, 38033477, 38028572, 38030821, 38033468, 38030281]",
60,bookofjoe,155.0,38030932,324,1698350179,Takkyu-bin: Luggage forwarding in Japan,story,https://craigmod.com/ridgeline/170/,"[38032304, 38032709, 38033360, 38033298, 38032794, 38032310, 38034948, 38033729, 38033194, 38035619, 38035326, 38032545, 38036332, 38033190, 38037150, 38032220, 38034266, 38039500, 38032674, 38034840, 38033208, 38032847, 38033674, 38034245, 38035475, 38034136, 38034109, 38036721, 38048603, 38032201, 38036780, 38033850, 38032261]",
61,alphabettsy,48.0,38038682,148,1698415983,Everything I've learned building the fastest Arm desktop,story,https://www.jeffgeerling.com/blog/2023/everything-ive-learned-building-fastest-arm-desktop,"[38042569, 38050142, 38040258, 38049681, 38040118, 38047906, 38039918, 38040061, 38045190, 38040248, 38043517, 38041357, 38043728, 38041472]",
62,talonx,121.0,38033385,189,1698367005,Ceasing print publication of ACM journals and transactions,story,https://www.acm.org/publications/ceasing-print,"[38035489, 38034872, 38033751, 38036558, 38033567, 38034052, 38035542, 38034228, 38034670, 38035988, 38034618, 38039798, 38038111, 38035713, 38040262, 38034834, 38037570, 38033741, 38035356]",
63,j-b,76.0,38040591,126,1698424089,Show HN: Biblos – Semantic Bible Embedded Vector Search and Claude LLM,story,https://github.com/dssjon/biblos,"[38042480, 38042744, 38041352, 38046395, 38047784, 38041220, 38047433, 38040955, 38043910, 38043167, 38041100, 38045990, 38041832, 38041919, 38047155, 38042087, 38041937, 38041216, 38045280, 38046800, 38041365, 38043072, 38041081]","Introducing Biblos, a simple tool for semantic search and summarization of Bible passages. Leveraging Chroma for vector search with BAAI BGE embeddings, semantically find related verses across the Bible. The tool employs Anthropic&#x27;s Claude LLM model for generating high-quality summaries of retrieved passages, contextualizing your search topic. Built on a Retrieval Augmented Generation (RAG) architecture, the app implements a simple Streamlit Web UI using Python. Deployed using render.com, the app is available at <a href=""https:&#x2F;&#x2F;biblos.app"" rel=""nofollow noreferrer"">https:&#x2F;&#x2F;biblos.app</a><p>Note: Search by just topic&#x2F;keywords, e.g. &quot;Kingdom of Heaven&quot;, for broader results!"
64,BerislavLopac,111.0,38024665,316,1698323518,Cold war satellite images reveal unknown Roman forts,story,https://www.theguardian.com/science/2023/oct/26/cold-war-satellite-images-hundreds-unknown-roman-forts,"[38028984, 38026487, 38025598, 38025246, 38025770, 38034559, 38026804, 38025852, 38032299, 38026258]",
65,ra7,1235.0,38002752,1188,1698170133,California suspends Cruise's autonomous vehicle deployment,story,https://www.reuters.com/business/autos-transportation/california-suspends-gm-cruises-driverless-autonomous-vehicle-permits-2023-10-24/,"[38003043, 38003860, 38003782, 38003740, 38004496, 38003725, 38004449, 38003367, 38009408, 38003739, 38003142, 38003868, 38003684, 38003360, 38003757, 38003126, 38007308, 38005992, 38004351, 38004312, 38004676, 38005966, 38008473, 38006849, 38003822, 38004200, 38005593, 38026112, 38007681, 38004559, 38003717, 38041863, 38012013, 38003080, 38004716, 38005722, 38003807, 38004951, 38007435, 38013644, 38014660, 38009005, 38003942, 38009094, 38012005, 38003383, 38007318, 38007787, 38008746, 38003693, 38003675, 38025202, 38011176, 38014579, 38004428, 38004090, 38003354, 38003745, 38012584, 38004793, 38006473, 38007944, 38008393, 38032882, 38008053, 38003719, 38004430, 38003691, 38004990, 38003937, 38006602, 38003294, 38005052, 38007498, 38004873, 38010484, 38003791, 38002870, 38008440, 38013329, 38012575, 38008217, 38003667, 38003730, 38003999, 38008216]",
66,sharkski,27.0,38039489,117,1698419354,The Xiaomi 14 with the new Snapdragon 8 Gen 3 has a 32 to 64-bit translator,story,https://twitter.com/MishaalRahman/status/1717916987387469842,"[38042661, 38041104, 38043624, 38039976, 38040275, 38043724]",
67,pipeline_tux,42.0,38039905,94,1698420949,Show HN: Pākiki Proxy – An intercepting proxy for penetration testing,story,https://pakikiproxy.com/,"[38042908, 38043539, 38042920, 38048520, 38043727, 38040672, 38041911, 38045557, 38042524, 38045169, 38046091, 38043859, 38042238, 38040828, 38045927, 38040550]","Hey HN,
I&#x27;ve been working on an intercepting proxy for penetration testing over the last few years in my spare time.<p>Some points of difference from the existing tools:<p>* The UIs are built using the native platform frameworks, meaning they look and behave like other applications on the desktop.<p>* It has a fully embedded and integrated Python scripting engine.<p>* It’s fully native meaning it’s nicer on system resources.<p>* It has a number of built in scripts to automate reconnaissance, content discovery, authorisation checks, etc.<p>* The core of it is open source.<p>I&#x27;m really keen to get any feedback!"
68,ecliptik,106.0,38039689,139,1698420190,OpenBSD: Removing syscall(2) from libc and kernel,story,https://marc.info/?l=openbsd-tech&m=169841790407370&w=2,"[38043422, 38040994, 38040088, 38041445, 38041479, 38041833, 38047228, 38041411, 38044624, 38041378, 38041460]",
69,cavisne,76.0,38028418,74,1698339503,BP to purchase $100M in Tesla Superchargers,story,https://spectrumnews1.com/ca/la-west/transportation/2023/10/26/bp-will-purchase--100-million-tesla-superchargers,"[38047202, 38035385, 38034371, 38047051, 38047548, 38047244, 38033112, 38047233, 38039652, 38035467, 38033643, 38033498, 38036836, 38047007]",
70,artex_xh,198.0,38020109,545,1698279881,Jina AI launches open-source 8k text embedding,story,https://jina.ai/news/jina-ai-launches-worlds-first-open-source-8k-text-embedding-rivaling-openai/,"[38023975, 38020327, 38020552, 38020753, 38026853, 38024174, 38020655, 38021291, 38020376, 38024283, 38023999, 38020756, 38023879, 38021154, 38023187, 38020628, 38020865, 38022553, 38021759, 38021640, 38021252, 38020413, 38020425, 38020314, 38022939, 38020675, 38023983, 38023393, 38020557, 38020409, 38020778, 38020432, 38020512, 38022124, 38023327]",
71,elsewhen,0.0,38049960,8,1698502435,The Reactionary Futurism of Marc Andreessen,story,https://www.nytimes.com/2023/10/26/opinion/marc-andreessen-reactionary-futurism.html,,
72,KenRuf,95.0,38027587,206,1698336444,How bioelectricity could regrow limbs and organs,story,https://news.uchicago.edu/how-bioelectricity-could-regrow-limbs-and-organs,"[38032603, 38032702, 38032831, 38033232, 38032668, 38032720, 38036940, 38036846, 38032654, 38037390, 38038723, 38035268, 38041971, 38034196, 38038538, 38037956, 38036988, 38033196, 38033946]",
73,jpster,7.0,38045625,23,1698452321,"US student, 14, wins award for developing soap to treat skin cancer",story,https://www.theguardian.com/society/2023/oct/25/skin-cancer-soap-virginia-student,"[38047411, 38048204, 38047636]",
74,surprisetalk,13.0,38037110,48,1698405705,Ways to Make Sand (2020) [video],story,https://www.youtube.com/watch?v=BDyvjkAs5-Y&list=ULcxqQ59vzyTk&index=6,"[38042776, 38044748, 38043445, 38046808, 38048215, 38045597]",
75,luu,3.0,38034668,39,1698380607,"Generating well-typed terms that are not ""useless"" [pdf]",story,https://lemonidas.github.io/pdf/NotUseless.pdf,"[38036605, 38038175, 38036916]",
76,ivanleomk,15.0,38040391,61,1698423070,Good LLM Validation Is Just Good Validation,story,https://jxnl.github.io/instructor/blog/2023/10/23/good-llm-validation-is-just-good-validation/,"[38041474, 38043629, 38040392, 38042599]",
77,sohkamyung,128.0,38032242,221,1698357502,Trying to make sense of why Otis exploded en route to Acapulco,story,https://theeyewall.com/trying-to-make-sense-of-why-otis-exploded-en-route-to-acapulco-this-week/,"[38034100, 38036540, 38032944, 38038558, 38032868, 38039591, 38037577, 38033235, 38034426, 38035631, 38034487, 38037158, 38032760, 38032675]",
78,bfirsh,69.0,38040702,211,1698424674,Generate images in one second on your Mac using a latent consistency model,story,https://replicate.com/blog/run-latent-consistency-model-on-mac,"[38041349, 38042679, 38042437, 38043945, 38045685, 38042782, 38041151, 38041333, 38042336, 38043455, 38046476, 38042756, 38043104, 38042494, 38041224, 38042133, 38041143, 38041009]",
79,Terretta,7.0,38047251,23,1698468814,Caffeine can compromise working memory function and brain activity patterns,story,https://www.psypost.org/2023/10/caffeine-can-compromise-working-memory-function-and-lead-to-changes-in-brain-activity-patterns-214165,"[38048159, 38048171, 38049306, 38048084]",
80,userbinator,7.0,38034891,39,1698383042,On Bus Arbitration on the Unibus and QBUS (2017),story,http://www.froghouse.org/~dab/papers/bus-arbitration/bus-arbitration.html,"[38037300, 38037442, 38038243]",
81,aiProgMach,346.0,38038713,349,1698416109,Tell HN: Automatic fraud detection is making my life hell,story,,"[38045174, 38044944, 38039446, 38039963, 38039974, 38039207, 38040128, 38044895, 38046655, 38046034, 38039405, 38047092, 38045842, 38039697, 38039762, 38045330, 38043729, 38039434, 38039429, 38039432, 38040719, 38045477, 38047525, 38038834, 38044256, 38048156, 38039836, 38046033, 38046610, 38048607, 38047291, 38045784, 38039515, 38046467, 38045778, 38039364, 38040010, 38045516, 38049767, 38044899, 38047410, 38040167, 38045522, 38040329, 38039868, 38043980, 38044383, 38047045, 38043816, 38047401, 38044583, 38046424, 38048131, 38045040, 38044773, 38043718, 38040020, 38045476, 38039601, 38046264, 38040280, 38039854, 38039804, 38039539, 38039347, 38047857, 38040104, 38043769, 38044260, 38046011]","I&#x27;ve been in India for a while now, to support family member as she&#x27;s here for medical reasons. I rely on online services to save on cash especially that it&#x27;s hard to carry cash from my country (for &quot;security&quot; reasons, as most airports limit how much cash you can carry).<p>Yet, many online services are giving me hell with their &quot;smart&quot; anti fraud detection and things like that, at this point I can really understand the position of the people who are dooming about cashless society, because at some point here I felt trapped not being able to get services I needed so much (until I asked shop owner to pay for me and I paid him in cash + small profit...).<p>The thing is, the attitude of these companies is so frustrating;  like if my card was already accepted once and I successfully approved the payment via 3D secure with my bank, who are you (as a random online service) to assume you can act as my big brother? Even more, if I&#x27;m using a balance paid by gift card, who give Amazon or other services the right to put my account on hold while it still contains my hard earned money (I had to try literally multiple services just to buy expensive gift card as Amazon payment won&#x27;t allow me to choose the correct currency of my Card). Mind you, I&#x27;m just a random guy and not world class criminal, or an Activist who&#x27;s being actively targeted, this make me wonder what these services can do once we go completely cashless.<p>Simple tasks like downloading region-specific Indian apps become unnecessarily complex, as Google play have this &quot;smart&quot; rule that says I can only change my region once per year, what?? It&#x27;s just an app just give me the apk, and you can just ask for my location! (I had to install the apks from some random websites at risk of getting some malware...).<p>I would said what this experience taught me as a developer, but it won&#x27;t matter, as most products are designed to help the stake holders and upper managers and even Governments, and a dev&#x27;s empathy won&#x27;t matter much...<p>Apologies for this vent, but I really felt I need to post something about this frustrating situation I&#x27;m in."
82,aw1621107,223.0,38015277,602,1698254149,iLeakage: Browser-Based Timerless Speculative Execution Attacks on Apple Devices,story,https://ileakage.com/,"[38016060, 38019197, 38016876, 38015686, 38017319, 38017668, 38019371, 38018007, 38023031, 38019092, 38021290, 38023208, 38017448, 38016199, 38015502, 38018066, 38021469, 38023988, 38023089, 38016111, 38017242, 38015652, 38016569, 38016073, 38017674, 38022047, 38021006, 38018925, 38021293]",
83,mgarciaisaia,328.0,38018917,465,1698271082,How to find a lost phone in a no-cell-coverage camping site?,story,https://manas.tech/blog/2023/10/25/approaching-unconventional-problems/,"[38021841, 38021497, 38020421, 38022571, 38020261, 38019675, 38020106, 38019696, 38019943, 38023067, 38023809, 38023956, 38021949, 38019569, 38020395, 38019513, 38020958, 38019526, 38024640, 38019972, 38019956, 38037232, 38020509, 38021440, 38023294, 38037203, 38025922, 38029492, 38020699, 38021112, 38021609, 38022930, 38019511, 38023993, 38021103, 38024053, 38021963, 38023117, 38024310, 38020788]",
84,todsacerdoti,3.0,38044933,8,1698446460,Nix Packaging,story,https://nix-packaging.com,"[38048862, 38048732]",
85,daoboy,33.0,38043127,155,1698436465,Images from the 2023 Nikon Small World Photomicrography Competition,story,https://www.nikonsmallworld.com/galleries/2023-photomicrography-competition,"[38043981, 38043891, 38043332, 38043742, 38043744, 38045605, 38045355, 38043567, 38044172, 38044180, 38045356, 38043710, 38043783, 38043956, 38043502, 38044286, 38043826]",
86,mooreds,13.0,38046914,41,1698464446,"It's Me, the Person Putting Drugs in the Halloween Candy (2022)",story,https://www.mcsweeneys.net/articles/its-me-the-person-putting-drugs-in-the-halloween-candy,"[38048298, 38047672, 38047712, 38048281, 38048410, 38047609]",
87,teleforce,8.0,38043809,79,1698440208,SDRangel: Explore the electromagnetic spectrum with open source SDR software,story,https://github.com/f4exb/sdrangel,"[38045307, 38045037, 38045288, 38048083]",
88,thunderbong,23.0,38029671,185,1698344502,Making PostgreSQL tick: New features in pg_cron,story,https://www.citusdata.com/blog/2023/10/26/making-postgres-tick-new-features-in-pg-cron/,"[38033800, 38036098]",
89,rascul,67.0,38041073,69,1698426475,The bacterial horror of hot-air hand dryers (2018),story,https://www.health.harvard.edu/blog/the-bacterial-horror-of-the-hot-air-hand-dryer-2018051113823,"[38046743, 38046523, 38046981, 38046372, 38047034, 38047331, 38047314, 38047184, 38047283, 38045205]",
90,mmastrac,41.0,38034269,139,1698375937,How to catch a wild triangle,story,https://securelist.com/operation-triangulation-catching-wild-triangle/110916/,"[38034815, 38035986, 38035058, 38036906, 38036739, 38036273, 38036809, 38035141, 38036504, 38035085]",
91,mrmagoo2,100.0,38012032,802,1698236659,Show HN: OpenAPI DevTools – Chrome extension that generates an API spec,story,https://github.com/AndrewWalsh/openapi-devtools,"[38012423, 38019673, 38012798, 38014878, 38012866, 38012282, 38013683, 38012337, 38013617, 38015669, 38015244, 38014045, 38012270, 38021340, 38015180, 38012802, 38012167, 38012491, 38013635, 38015206, 38016450, 38014115, 38012906, 38023181, 38013527, 38012843, 38012149, 38012444, 38015202, 38014842, 38013011, 38013735, 38012713, 38014274, 38013833, 38012136, 38012201, 38020295, 38016050, 38016089]",Effortlessly discover API behaviour with a Chrome extension that automatically generates OpenAPI specifications in real time for any app or website.
92,geox,192.0,38038465,279,1698415020,A third of chocolate products are high in heavy metals,story,https://www.consumerreports.org/health/food-safety/a-third-of-chocolate-products-are-high-in-heavy-metals-a4844566398/,"[38039708, 38039241, 38039335, 38039584, 38041870, 38040564, 38041626, 38039443, 38039782, 38041535, 38041287, 38043014, 38045885, 38040126, 38039055, 38039215, 38042893, 38039315, 38041442, 38040633, 38041682, 38041926, 38043459, 38039568, 38041388, 38040645, 38042956, 38039880, 38039987, 38039389, 38040117]",
93,isaacfrond,332.0,38024899,192,1698325045,Mars has a layer of molten rock inside,story,https://www.nature.com/articles/d41586-023-03271-4,"[38026607, 38025747, 38034729, 38026984, 38033697, 38026596, 38032893, 38025755, 38026712, 38028569, 38025383, 38025348]",
94,benbreen,11.0,38013003,28,1698243109,Very Slight Counterfactuals: Dick Whittington Has Children,story,https://www.thechatner.com/p/very-slight-counterfactuals-dick,"[38031986, 38030958, 38032659, 38029646]",
95,babelfish,56.0,38033836,81,1698371963,OpenAI closes big lease deal at Uber's San Francisco headquarters,story,https://www.sfchronicle.com/realestate/article/openai-s-f-uber-lease-18451102.php,"[38043385, 38043330, 38043144, 38043870, 38043199, 38044086]",
96,bookofjoe,9.0,38032982,28,1698362996,"The Eye, a mysterious rotating island in Argentina",story,https://mybestplace.com/en/article/the-eye-the-mysterious-rotating-island-in-argentina,"[38038488, 38046550, 38039179, 38042554, 38038532, 38040301, 38044057, 38037901, 38037988]",
97,lpil,49.0,38031342,144,1698352355,Things I like about Gleam's Syntax,story,https://erikarow.land/notes/gleam-syntax,"[38035482, 38034488, 38037082, 38037335, 38047830, 38037684, 38033967, 38037396, 38035171]",
98,binidxaba,40.0,38029893,168,1698345444,Roombas at the end of the world,story,https://spectrum.ieee.org/south-pole-roombas,"[38031789, 38032560, 38031536, 38029894, 38033289, 38034307]",
99,daviesgeek,20.0,38028877,52,1698341464,MyQ's horrible take on open access to their devices,story,https://memos.daviesgeek.com/m/7,"[38033897, 38033508, 38040031, 38046348, 38033607, 38033701, 38039948, 38034884, 38036630]",
